X,Y,Z
1.959999990463256792e+00,4.569803376057033489e-02,1.689267631593251107e+00
1.959999990463256792e+00,6.251284332541322264e-02,1.736012201742169303e+00
1.959999990463256792e+00,7.661089070435794790e-02,1.784001413948032244e+00
1.959999990463256792e+00,8.833256719317292283e-02,1.836055163593195871e+00
1.959999990463256792e+00,9.711747027708335367e-02,1.889690982127747221e+00
1.959999990463256792e+00,1.025317440469170061e-01,1.944418955699150686e+00
1.959999990463256792e+00,1.042053623279191044e-01,2.000000000000000000e+00
1.959999990463256792e+00,1.025317440469170061e-01,2.055581044300849314e+00
1.959999990463256792e+00,9.711747387244240581e-02,2.110309021402432705e+00
1.959999990463256792e+00,8.833257794031751375e-02,2.163944829333797060e+00
1.959999990463256792e+00,7.661089070435794790e-02,2.215998586051967756e+00
1.959999990463256792e+00,6.251288818074794695e-02,2.263987768961140290e+00
1.959999990463256792e+00,4.569803376057033489e-02,2.310732368406748893e+00
1.959999990463256792e+00,-6.329221169377842807e-04,2.410329991853709775e+00
1.959999990463256792e+00,1.982719078660011292e-02,2.370729207992553711e+00
1.959999990463256792e+00,3.981010830820422286e-02,2.325562628236494511e+00
1.959999990463256792e+00,5.420536233291906036e-02,2.276064872686486495e+00
1.959999990463256792e+00,5.420536233291906036e-02,2.220851898149188930e+00
1.959999990463256792e+00,5.420536233291906036e-02,2.165638923611891808e+00
1.959999990463256792e+00,5.420536233291906036e-02,2.110425949074594687e+00
1.959999990463256792e+00,5.420536233291906036e-02,2.055212974537297121e+00
1.959999990463256792e+00,5.420536233291906036e-02,2.000000000000000000e+00
1.959999990463256792e+00,5.420536233291906036e-02,1.944787025462702656e+00
1.959999990463256792e+00,5.420536233291906036e-02,1.889574050925405535e+00
1.959999990463256792e+00,5.420536233291906036e-02,1.834361076388108192e+00
1.959999990463256792e+00,5.420536233291906036e-02,1.779148101850811070e+00
1.959999990463256792e+00,5.420536233291906036e-02,1.723935127313513727e+00
1.959999990463256792e+00,3.981010830820422286e-02,1.674437371763505711e+00
1.959999990463256792e+00,1.982719078660011292e-02,1.629270792007446289e+00
1.959999990463256792e+00,-6.330141474516076672e-04,1.589669954042042255e+00
1.959999990463256792e+00,-4.102772263161098831e-02,1.523156030072625233e+00
1.959999990463256792e+00,-1.858234591782093048e-02,1.558296203613281250e+00
1.959999990463256792e+00,4.069242800883245831e-03,1.598434182076758470e+00
1.959999990463256792e+00,4.205362337919016369e-03,1.651916014590362414e+00
1.959999990463256792e+00,4.205362337919016369e-03,1.705467406131021324e+00
1.959999990463256792e+00,4.205362337919016369e-03,1.759018797671680012e+00
1.959999990463256792e+00,4.205362337919016369e-03,1.812570189212338923e+00
1.959999990463256792e+00,4.205362337919016369e-03,1.866121580752997833e+00
1.959999990463256792e+00,4.205362337919016369e-03,1.919672972293656521e+00
1.959999990463256792e+00,4.205362337919016369e-03,1.973224363834315431e+00
1.959999990463256792e+00,4.205362337919016369e-03,2.026775755374974342e+00
1.959999990463256792e+00,4.205362337919016369e-03,2.080327146915633030e+00
1.959999990463256792e+00,4.205362337919016369e-03,2.133878538456292162e+00
1.959999990463256792e+00,4.205362337919016369e-03,2.187429929996950850e+00
1.959999990463256792e+00,4.205362337919016369e-03,2.240981321537609539e+00
1.959999990463256792e+00,4.205362337919016369e-03,2.294532713078268227e+00
1.959999990463256792e+00,4.205362337919016369e-03,2.348084104618927359e+00
1.959999990463256792e+00,4.069235847233277498e-03,2.401565933809841624e+00
1.959999990463256792e+00,-1.858234591782093048e-02,2.441703796386718750e+00
1.959999990463256792e+00,-4.102772263161088423e-02,2.476844089136664095e+00
1.959999990463256792e+00,-8.712262425986758152e-02,2.539067221629114357e+00
1.959999990463256792e+00,-6.144284465422478192e-02,2.505797291776209246e+00
1.959999990463256792e+00,-4.579463765708102763e-02,2.462427695499759039e+00
1.959999990463256792e+00,-4.579463765708102763e-02,2.408024430193358434e+00
1.959999990463256792e+00,-4.579463765708102763e-02,2.353621164886958272e+00
1.959999990463256792e+00,-4.579463765708102763e-02,2.299217899580557667e+00
1.959999990463256792e+00,-4.579463765708102763e-02,2.244814634274157061e+00
1.959999990463256792e+00,-4.579463765708102763e-02,2.190411368967756900e+00
1.959999990463256792e+00,-4.579463765708102763e-02,2.136008103661356294e+00
1.959999990463256792e+00,-4.579463765708102763e-02,2.081604838354955689e+00
1.959999990463256792e+00,-4.579463765708102763e-02,2.027201573048555527e+00
1.959999990463256792e+00,-4.579463765708102763e-02,1.972798307742155144e+00
1.959999990463256792e+00,-4.579463765708102763e-02,1.918395042435754538e+00
1.959999990463256792e+00,-4.579463765708102763e-02,1.863991777129354155e+00
1.959999990463256792e+00,-4.579463765708102763e-02,1.809588511822953771e+00
1.959999990463256792e+00,-4.579463765708102763e-02,1.755185246516553388e+00
1.959999990463256792e+00,-4.579463765708102763e-02,1.700781981210152782e+00
1.959999990463256792e+00,-4.579463765708102763e-02,1.646378715903752399e+00
1.959999990463256792e+00,-4.579463765708102763e-02,1.591975450597352015e+00
1.959999990463256792e+00,-4.579463765708102763e-02,1.537572185290951632e+00
1.959999990463256792e+00,-6.144295693939848951e-02,1.494202668187625482e+00
1.959999990463256792e+00,-8.712274315560013249e-02,1.460932631310566165e+00
1.959999990463256792e+00,-1.203982706357151766e-01,1.422587535727996677e+00
1.959999990463256792e+00,-9.579463765208107162e-02,1.451621947190868234e+00
1.959999990463256792e+00,-9.579463765208107162e-02,1.503848428410785587e+00
1.959999990463256792e+00,-9.579463765208107162e-02,1.556074909630702940e+00
1.959999990463256792e+00,-9.579463765208107162e-02,1.608301390850620294e+00
1.959999990463256792e+00,-9.579463765208107162e-02,1.660527872070537647e+00
1.959999990463256792e+00,-9.579463765208107162e-02,1.712754353290454779e+00
1.959999990463256792e+00,-9.579463765208107162e-02,1.764980834510372132e+00
1.959999990463256792e+00,-9.579463765208107162e-02,1.817207315730289485e+00
1.959999990463256792e+00,-9.579463765208107162e-02,1.869433796950206617e+00
1.959999990463256792e+00,-9.579463765208107162e-02,1.921660278170123970e+00
1.959999990463256792e+00,-9.579463765208107162e-02,1.973886759390041323e+00
1.959999990463256792e+00,-9.579463765208107162e-02,2.026113240609958677e+00
1.959999990463256792e+00,-9.579463765208107162e-02,2.078339721829876030e+00
1.959999990463256792e+00,-9.579463765208107162e-02,2.130566203049793383e+00
1.959999990463256792e+00,-9.579463765208107162e-02,2.182792684269710293e+00
1.959999990463256792e+00,-9.579463765208107162e-02,2.235019165489627646e+00
1.959999990463256792e+00,-9.579463765208107162e-02,2.287245646709544999e+00
1.959999990463256792e+00,-9.579463765208107162e-02,2.339472127929462353e+00
1.959999990463256792e+00,-9.579463765208107162e-02,2.391698609149379706e+00
1.959999990463256792e+00,-9.579463765208107162e-02,2.443925090369297060e+00
1.959999990463256792e+00,-9.579463765208107162e-02,2.496151571589214413e+00
1.959999990463256792e+00,-9.579463765208107162e-02,2.548378052809131766e+00
1.959999990463256792e+00,-1.203983646046474232e-01,2.577412469827458530e+00
1.959999990463256792e+00,-1.713010072708129883e-01,2.628634691238403320e+00
1.959999990463256792e+00,-1.457946376470811156e-01,2.602841033814978555e+00
1.959999990463256792e+00,-1.457946376470811156e-01,2.550420074352806488e+00
1.959999990463256792e+00,-1.457946376470811156e-01,2.497999114890634420e+00
1.959999990463256792e+00,-1.457946376470811156e-01,2.445578155428462352e+00
1.959999990463256792e+00,-1.457946376470811156e-01,2.393157195966290285e+00
1.959999990463256792e+00,-1.457946376470811156e-01,2.340736236504118217e+00
1.959999990463256792e+00,-1.457946376470811156e-01,2.288315277041946150e+00
1.959999990463256792e+00,-1.457946376470811156e-01,2.235894317579774082e+00
1.959999990463256792e+00,-1.457946376470811156e-01,2.183473358117602015e+00
1.959999990463256792e+00,-1.457946376470811156e-01,2.131052398655429947e+00
1.959999990463256792e+00,-1.457946376470811156e-01,2.078631439193257879e+00
1.959999990463256792e+00,-1.457946376470811156e-01,2.026210479731085812e+00
1.959999990463256792e+00,-1.457946376470811156e-01,1.973789520268913966e+00
1.959999990463256792e+00,-1.457946376470811156e-01,1.921368560806741899e+00
1.959999990463256792e+00,-1.457946376470811156e-01,1.868947601344569831e+00
1.959999990463256792e+00,-1.457946376470811156e-01,1.816526641882397763e+00
1.959999990463256792e+00,-1.457946376470811156e-01,1.764105682420225696e+00
1.959999990463256792e+00,-1.457946376470811156e-01,1.711684722958053628e+00
1.959999990463256792e+00,-1.457946376470811156e-01,1.659263763495881561e+00
1.959999990463256792e+00,-1.457946376470811156e-01,1.606842804033709493e+00
1.959999990463256792e+00,-1.457946376470811156e-01,1.554421844571537648e+00
1.959999990463256792e+00,-1.457946376470811156e-01,1.502000885109365358e+00
1.959999990463256792e+00,-1.457946376470811156e-01,1.449579925647193290e+00
1.959999990463256792e+00,-1.457946376470811156e-01,1.397158966185021445e+00
1.959999990463256792e+00,-1.713010072708129883e-01,1.371365308761596680e+00
1.959999990463256792e+00,-2.218586199551151605e-01,1.328609082848998257e+00
1.959999990463256792e+00,-1.966792158088196962e-01,1.349087165768527719e+00
1.959999990463256792e+00,-1.957946376420811596e-01,1.400233136402980083e+00
1.959999990463256792e+00,-1.957946376420811596e-01,1.452386776715764549e+00
1.959999990463256792e+00,-1.957946376420811596e-01,1.504540417028548793e+00
1.959999990463256792e+00,-1.957946376420811596e-01,1.556694057341333259e+00
1.959999990463256792e+00,-1.957946376420811596e-01,1.608847697654117503e+00
1.959999990463256792e+00,-1.957946376420811596e-01,1.661001337966901747e+00
1.959999990463256792e+00,-1.957946376420811596e-01,1.713154978279686214e+00
1.959999990463256792e+00,-1.957946376420811596e-01,1.765308618592470458e+00
1.959999990463256792e+00,-1.957946376420811596e-01,1.817462258905254924e+00
1.959999990463256792e+00,-1.957946376420811596e-01,1.869615899218039168e+00
1.959999990463256792e+00,-1.957946376420811596e-01,1.921769539530823412e+00
1.959999990463256792e+00,-1.957946376420811596e-01,1.973923179843607656e+00
1.959999990463256792e+00,-1.957946376420811596e-01,2.026076820156392344e+00
1.959999990463256792e+00,-1.957946376420811596e-01,2.078230460469176588e+00
1.959999990463256792e+00,-1.957946376420811596e-01,2.130384100781960832e+00
1.959999990463256792e+00,-1.957946376420811596e-01,2.182537741094745076e+00
1.959999990463256792e+00,-1.957946376420811596e-01,2.234691381407529320e+00
1.959999990463256792e+00,-1.957946376420811596e-01,2.286845021720314008e+00
1.959999990463256792e+00,-1.957946376420811596e-01,2.338998662033098253e+00
1.959999990463256792e+00,-1.957946376420811596e-01,2.391152302345882497e+00
1.959999990463256792e+00,-1.957946376420811596e-01,2.443305942658666741e+00
1.959999990463256792e+00,-1.957946376420811596e-01,2.495459582971450985e+00
1.959999990463256792e+00,-1.957946376420811596e-01,2.547613223284235673e+00
1.959999990463256792e+00,-1.957946376420811596e-01,2.599766863597019473e+00
1.959999990463256792e+00,-1.966792158088196962e-01,2.650912834231472281e+00
1.959999990463256792e+00,-2.218586581811668734e-01,2.671391024039204254e+00
1.959999990463256792e+00,-2.631768808052374342e-01,2.702106113834465972e+00
1.959999990463256792e+00,-2.457946376370812036e-01,2.674282176019143975e+00
1.959999990463256792e+00,-2.457946376370812036e-01,2.622414316325363703e+00
1.959999990463256792e+00,-2.457946376370812036e-01,2.570546456631583432e+00
1.959999990463256792e+00,-2.457946376370812036e-01,2.518678596937803160e+00
1.959999990463256792e+00,-2.457946376370812036e-01,2.466810737244022889e+00
1.959999990463256792e+00,-2.457946376370812036e-01,2.414942877550242617e+00
1.959999990463256792e+00,-2.457946376370812036e-01,2.363075017856462345e+00
1.959999990463256792e+00,-2.457946376370812036e-01,2.311207158162681630e+00
1.959999990463256792e+00,-2.457946376370812036e-01,2.259339298468901802e+00
1.959999990463256792e+00,-2.457946376370812036e-01,2.207471438775121086e+00
1.959999990463256792e+00,-2.457946376370812036e-01,2.155603579081340815e+00
1.959999990463256792e+00,-2.457946376370812036e-01,2.103735719387560543e+00
1.959999990463256792e+00,-2.457946376370812036e-01,2.051867859693780272e+00
1.959999990463256792e+00,-2.457946376370812036e-01,2.000000000000000000e+00
1.959999990463256792e+00,-2.457946376370812036e-01,1.948132140306219728e+00
1.959999990463256792e+00,-2.457946376370812036e-01,1.896264280612439457e+00
1.959999990463256792e+00,-2.457946376370812036e-01,1.844396420918659185e+00
1.959999990463256792e+00,-2.457946376370812036e-01,1.792528561224878914e+00
1.959999990463256792e+00,-2.457946376370812036e-01,1.740660701531098642e+00
1.959999990463256792e+00,-2.457946376370812036e-01,1.688792841837318148e+00
1.959999990463256792e+00,-2.457946376370812036e-01,1.636924982143538099e+00
1.959999990463256792e+00,-2.457946376370812036e-01,1.585057122449757605e+00
1.959999990463256792e+00,-2.457946376370812036e-01,1.533189262755977333e+00
1.959999990463256792e+00,-2.457946376370812036e-01,1.481321403062197062e+00
1.959999990463256792e+00,-2.457946376370812036e-01,1.429453543368416568e+00
1.959999990463256792e+00,-2.457946376370812036e-01,1.377585683674636297e+00
1.959999990463256792e+00,-2.457946376370812036e-01,1.325717823980856025e+00
1.959999990463256792e+00,-2.631769430657354691e-01,1.297893851076192151e+00
1.959999990463256792e+00,-3.139408465810039628e-01,1.265471225858926685e+00
1.959999990463256792e+00,-2.957946376320811921e-01,1.287390709065861838e+00
1.959999990463256792e+00,-2.957946376320811921e-01,1.340176582468390443e+00
1.959999990463256792e+00,-2.957946376320811921e-01,1.392962455870919269e+00
1.959999990463256792e+00,-2.957946376320811921e-01,1.445748329273448096e+00
1.959999990463256792e+00,-2.957946376320811921e-01,1.498534202675976701e+00
1.959999990463256792e+00,-2.957946376320811921e-01,1.551320076078505528e+00
1.959999990463256792e+00,-2.957946376320811921e-01,1.604105949481034354e+00
1.959999990463256792e+00,-2.957946376320811921e-01,1.656891822883562959e+00
1.959999990463256792e+00,-2.957946376320811921e-01,1.709677696286091786e+00
1.959999990463256792e+00,-2.957946376320811921e-01,1.762463569688620613e+00
1.959999990463256792e+00,-2.957946376320811921e-01,1.815249443091149439e+00
1.959999990463256792e+00,-2.957946376320811921e-01,1.868035316493678044e+00
1.959999990463256792e+00,-2.957946376320811921e-01,1.920821189896206871e+00
1.959999990463256792e+00,-2.957946376320811921e-01,1.973607063298735698e+00
1.959999990463256792e+00,-2.957946376320811921e-01,2.026392936701264524e+00
1.959999990463256792e+00,-2.957946376320811921e-01,2.079178810103793129e+00
1.959999990463256792e+00,-2.957946376320811921e-01,2.131964683506321734e+00
1.959999990463256792e+00,-2.957946376320811921e-01,2.184750556908850783e+00
1.959999990463256792e+00,-2.957946376320811921e-01,2.237536430311379387e+00
1.959999990463256792e+00,-2.957946376320811921e-01,2.290322303713907992e+00
1.959999990463256792e+00,-2.957946376320811921e-01,2.343108177116437041e+00
1.959999990463256792e+00,-2.957946376320811921e-01,2.395894050518965646e+00
1.959999990463256792e+00,-2.957946376320811921e-01,2.448679923921494250e+00
1.959999990463256792e+00,-2.957946376320811921e-01,2.501465797324023299e+00
1.959999990463256792e+00,-2.957946376320811921e-01,2.554251670726551904e+00
1.959999990463256792e+00,-2.957946376320811921e-01,2.607037544129080509e+00
1.959999990463256792e+00,-2.957946376320811921e-01,2.659823417531609557e+00
1.959999990463256792e+00,-2.957946376320811921e-01,2.712609290934138606e+00
1.959999990463256792e+00,-3.139409038368196625e-01,2.734528856630838334e+00
1.959999990463256792e+00,-3.581223867885007239e-01,2.759039838253811272e+00
1.959999990463256792e+00,-3.457946376270811806e-01,2.730311548563807200e+00
1.959999990463256792e+00,-3.457946376270811806e-01,2.678146433694632123e+00
1.959999990463256792e+00,-3.457946376270811806e-01,2.625981318825457045e+00
1.959999990463256792e+00,-3.457946376270811806e-01,2.573816203956281523e+00
1.959999990463256792e+00,-3.457946376270811806e-01,2.521651089087106445e+00
1.959999990463256792e+00,-3.457946376270811806e-01,2.469485974217931368e+00
1.959999990463256792e+00,-3.457946376270811806e-01,2.417320859348756290e+00
1.959999990463256792e+00,-3.457946376270811806e-01,2.365155744479581212e+00
1.959999990463256792e+00,-3.457946376270811806e-01,2.312990629610406135e+00
1.959999990463256792e+00,-3.457946376270811806e-01,2.260825514741230613e+00
1.959999990463256792e+00,-3.457946376270811806e-01,2.208660399872055535e+00
1.959999990463256792e+00,-3.457946376270811806e-01,2.156495285002880458e+00
1.959999990463256792e+00,-3.457946376270811806e-01,2.104330170133705380e+00
1.959999990463256792e+00,-3.457946376270811806e-01,2.052165055264530302e+00
1.959999990463256792e+00,-3.457946376270811806e-01,1.999999940395355225e+00
1.959999990463256792e+00,-3.457946376270811806e-01,1.947834825526180147e+00
1.959999990463256792e+00,-3.457946376270811806e-01,1.895669710657004847e+00
1.959999990463256792e+00,-3.457946376270811806e-01,1.843504595787829770e+00
1.959999990463256792e+00,-3.457946376270811806e-01,1.791339480918654692e+00
1.959999990463256792e+00,-3.457946376270811806e-01,1.739174366049479392e+00
1.959999990463256792e+00,-3.457946376270811806e-01,1.687009251180304314e+00
1.959999990463256792e+00,-3.457946376270811806e-01,1.634844136311129237e+00
1.959999990463256792e+00,-3.457946376270811806e-01,1.582679021441954159e+00
1.959999990463256792e+00,-3.457946376270811806e-01,1.530513906572779081e+00
1.959999990463256792e+00,-3.457946376270811806e-01,1.478348791703603782e+00
1.959999990463256792e+00,-3.457946376270811806e-01,1.426183676834428704e+00
1.959999990463256792e+00,-3.457946376270811806e-01,1.374018561965253626e+00
1.959999990463256792e+00,-3.457946376270811806e-01,1.321853447096078327e+00
1.959999990463256792e+00,-3.457946376270811806e-01,1.269688332226903249e+00
1.959999990463256792e+00,-3.581225137791057556e-01,1.240960135269888687e+00
1.959999990463256792e+00,-4.036414660107003893e-01,1.218986377745853167e+00
1.959999990463256792e+00,-3.957946376220811691e-01,1.255375035752766211e+00
1.959999990463256792e+00,-3.957946376220811691e-01,1.308562533198997180e+00
1.959999990463256792e+00,-3.957946376220811691e-01,1.361750030645228371e+00
1.959999990463256792e+00,-3.957946376220811691e-01,1.414937528091459118e+00
1.959999990463256792e+00,-3.957946376220811691e-01,1.468125025537690087e+00
1.959999990463256792e+00,-3.957946376220811691e-01,1.521312522983921056e+00
1.959999990463256792e+00,-3.957946376220811691e-01,1.574500020430152247e+00
1.959999990463256792e+00,-3.957946376220811691e-01,1.627687517876382994e+00
1.959999990463256792e+00,-3.957946376220811691e-01,1.680875015322614185e+00
1.959999990463256792e+00,-3.957946376220811691e-01,1.734062512768844933e+00
1.959999990463256792e+00,-3.957946376220811691e-01,1.787250010215076124e+00
1.959999990463256792e+00,-3.957946376220811691e-01,1.840437507661306871e+00
1.959999990463256792e+00,-3.957946376220811691e-01,1.893625005107538062e+00
1.959999990463256792e+00,-3.957946376220811691e-01,1.946812502553769031e+00
1.959999990463256792e+00,-3.957946376220811691e-01,2.000000000000000000e+00
1.959999990463256792e+00,-3.957946376220811691e-01,2.053187497446230747e+00
1.959999990463256792e+00,-3.957946376220811691e-01,2.106374994892461938e+00
1.959999990463256792e+00,-3.957946376220811691e-01,2.159562492338692685e+00
1.959999990463256792e+00,-3.957946376220811691e-01,2.212749989784923876e+00
1.959999990463256792e+00,-3.957946376220811691e-01,2.265937487231155067e+00
1.959999990463256792e+00,-3.957946376220811691e-01,2.319124984677385815e+00
1.959999990463256792e+00,-3.957946376220811691e-01,2.372312482123617006e+00
1.959999990463256792e+00,-3.957946376220811691e-01,2.425499979569847753e+00
1.959999990463256792e+00,-3.957946376220811691e-01,2.478687477016078944e+00
1.959999990463256792e+00,-3.957946376220811691e-01,2.531874974462310135e+00
1.959999990463256792e+00,-3.957946376220811691e-01,2.585062471908540882e+00
1.959999990463256792e+00,-3.957946376220811691e-01,2.638249969354771629e+00
1.959999990463256792e+00,-3.957946376220811691e-01,2.691437466801002820e+00
1.959999990463256792e+00,-3.957946376220811691e-01,2.744624964247233567e+00
1.959999990463256792e+00,-4.036414628517304704e-01,2.781013511780408454e+00
1.959999990463256792e+00,-4.536079163424053817e-01,2.801199402931913163e+00
1.959999990463256792e+00,-4.457946376170811575e-01,2.770008679205188340e+00
1.959999990463256792e+00,-4.457946376170811575e-01,2.716904632363450922e+00
1.959999990463256792e+00,-4.457946376170811575e-01,2.663800585521713948e+00
1.959999990463256792e+00,-4.457946376170811575e-01,2.610696538679976975e+00
1.959999990463256792e+00,-4.457946376170811575e-01,2.557592491838239557e+00
1.959999990463256792e+00,-4.457946376170811575e-01,2.504488444996502583e+00
1.959999990463256792e+00,-4.457946376170811575e-01,2.451384398154765609e+00
1.959999990463256792e+00,-4.457946376170811575e-01,2.398280351313028191e+00
1.959999990463256792e+00,-4.457946376170811575e-01,2.345176304471291218e+00
1.959999990463256792e+00,-4.457946376170811575e-01,2.292072257629554244e+00
1.959999990463256792e+00,-4.457946376170811575e-01,2.238968210787816826e+00
1.959999990463256792e+00,-4.457946376170811575e-01,2.185864163946079852e+00
1.959999990463256792e+00,-4.457946376170811575e-01,2.132760117104342878e+00
1.959999990463256792e+00,-4.457946376170811575e-01,2.079656070262605461e+00
1.959999990463256792e+00,-4.457946376170811575e-01,2.026552023420868487e+00
1.959999990463256792e+00,-4.457946376170811575e-01,1.973447976579131291e+00
1.959999990463256792e+00,-4.457946376170811575e-01,1.920343929737394317e+00
1.959999990463256792e+00,-4.457946376170811575e-01,1.867239882895657122e+00
1.959999990463256792e+00,-4.457946376170811575e-01,1.814135836053920148e+00
1.959999990463256792e+00,-4.457946376170811575e-01,1.761031789212182952e+00
1.959999990463256792e+00,-4.457946376170811575e-01,1.707927742370445978e+00
1.959999990463256792e+00,-4.457946376170811575e-01,1.654823695528708782e+00
1.959999990463256792e+00,-4.457946376170811575e-01,1.601719648686971365e+00
1.959999990463256792e+00,-4.457946376170811575e-01,1.548615601845234391e+00
1.959999990463256792e+00,-4.457946376170811575e-01,1.495511555003497417e+00
1.959999990463256792e+00,-4.457946376170811575e-01,1.442407508161760443e+00
1.959999990463256792e+00,-4.457946376170811575e-01,1.389303461320023025e+00
1.959999990463256792e+00,-4.457946376170811575e-01,1.336199414478285830e+00
1.959999990463256792e+00,-4.457946376170811575e-01,1.283095367636548856e+00
1.959999990463256792e+00,-4.457946376170811575e-01,1.229991320794811660e+00
1.959999990463256792e+00,-4.536079678820268413e-01,1.198800548905496921e+00
1.959999990463256792e+00,-5.006654546255735472e-01,1.182993441710250782e+00
1.959999990463256792e+00,-4.957946376120811460e-01,1.219042766995457328e+00
1.959999990463256792e+00,-4.957946376120811460e-01,1.271106578555450506e+00
1.959999990463256792e+00,-4.957946376120811460e-01,1.323170390115443684e+00
1.959999990463256792e+00,-4.957946376120811460e-01,1.375234201675436863e+00
1.959999990463256792e+00,-4.957946376120811460e-01,1.427298013235430041e+00
1.959999990463256792e+00,-4.957946376120811460e-01,1.479361824795423441e+00
1.959999990463256792e+00,-4.957946376120811460e-01,1.531425636355416398e+00
1.959999990463256792e+00,-4.957946376120811460e-01,1.583489447915409798e+00
1.959999990463256792e+00,-4.957946376120811460e-01,1.635553259475402754e+00
1.959999990463256792e+00,-4.957946376120811460e-01,1.687617071035396155e+00
1.959999990463256792e+00,-4.957946376120811460e-01,1.739680882595389333e+00
1.959999990463256792e+00,-4.957946376120811460e-01,1.791744694155382511e+00
1.959999990463256792e+00,-4.957946376120811460e-01,1.843808505715375690e+00
1.959999990463256792e+00,-4.957946376120811460e-01,1.895872317275368868e+00
1.959999990463256792e+00,-4.957946376120811460e-01,1.947936128835362046e+00
1.959999990463256792e+00,-4.957946376120811460e-01,1.999999940395355225e+00
1.959999990463256792e+00,-4.957946376120811460e-01,2.052063751955348625e+00
1.959999990463256792e+00,-4.957946376120811460e-01,2.104127563515341581e+00
1.959999990463256792e+00,-4.957946376120811460e-01,2.156191375075334982e+00
1.959999990463256792e+00,-4.957946376120811460e-01,2.208255186635327938e+00
1.959999990463256792e+00,-4.957946376120811460e-01,2.260318998195321338e+00
1.959999990463256792e+00,-4.957946376120811460e-01,2.312382809755314295e+00
1.959999990463256792e+00,-4.957946376120811460e-01,2.364446621315307695e+00
1.959999990463256792e+00,-4.957946376120811460e-01,2.416510432875300651e+00
1.959999990463256792e+00,-4.957946376120811460e-01,2.468574244435294052e+00
1.959999990463256792e+00,-4.957946376120811460e-01,2.520638055995287452e+00
1.959999990463256792e+00,-4.957946376120811460e-01,2.572701867555280408e+00
1.959999990463256792e+00,-4.957946376120811460e-01,2.624765679115273365e+00
1.959999990463256792e+00,-4.957946376120811460e-01,2.676829490675266765e+00
1.959999990463256792e+00,-4.957946376120811460e-01,2.728893302235260165e+00
1.959999990463256792e+00,-4.957946376120811460e-01,2.780957113795253122e+00
1.959999990463256792e+00,-5.006654839442952198e-01,2.817006505230068125e+00
1.959999990463256792e+00,-5.485583142436025739e-01,2.830156840056318845e+00
1.959999990463256792e+00,-5.457946376070811345e-01,2.788503508857144375e+00
1.959999990463256792e+00,-5.457946376070811345e-01,2.735936604293025098e+00
1.959999990463256792e+00,-5.457946376070811345e-01,2.683369699728905822e+00
1.959999990463256792e+00,-5.457946376070811345e-01,2.630802795164786545e+00
1.959999990463256792e+00,-5.457946376070811345e-01,2.578235890600667268e+00
1.959999990463256792e+00,-5.457946376070811345e-01,2.525668986036547992e+00
1.959999990463256792e+00,-5.457946376070811345e-01,2.473102081472428715e+00
1.959999990463256792e+00,-5.457946376070811345e-01,2.420535176908309438e+00
1.959999990463256792e+00,-5.457946376070811345e-01,2.367968272344190162e+00
1.959999990463256792e+00,-5.457946376070811345e-01,2.315401367780070885e+00
1.959999990463256792e+00,-5.457946376070811345e-01,2.262834463215951608e+00
1.959999990463256792e+00,-5.457946376070811345e-01,2.210267558651832331e+00
1.959999990463256792e+00,-5.457946376070811345e-01,2.157700654087713055e+00
1.959999990463256792e+00,-5.457946376070811345e-01,2.105133749523593778e+00
1.959999990463256792e+00,-5.457946376070811345e-01,2.052566844959474501e+00
1.959999990463256792e+00,-5.457946376070811345e-01,1.999999940395355225e+00
1.959999990463256792e+00,-5.457946376070811345e-01,1.947433035831235948e+00
1.959999990463256792e+00,-5.457946376070811345e-01,1.894866131267116671e+00
1.959999990463256792e+00,-5.457946376070811345e-01,1.842299226702997395e+00
1.959999990463256792e+00,-5.457946376070811345e-01,1.789732322138878340e+00
1.959999990463256792e+00,-5.457946376070811345e-01,1.737165417574759063e+00
1.959999990463256792e+00,-5.457946376070811345e-01,1.684598513010639786e+00
1.959999990463256792e+00,-5.457946376070811345e-01,1.632031608446520510e+00
1.959999990463256792e+00,-5.457946376070811345e-01,1.579464703882401233e+00
1.959999990463256792e+00,-5.457946376070811345e-01,1.526897799318281956e+00
1.959999990463256792e+00,-5.457946376070811345e-01,1.474330894754162680e+00
1.959999990463256792e+00,-5.457946376070811345e-01,1.421763990190043403e+00
1.959999990463256792e+00,-5.457946376070811345e-01,1.369197085625924126e+00
1.959999990463256792e+00,-5.457946376070811345e-01,1.316630181061804850e+00
1.959999990463256792e+00,-5.457946376070811345e-01,1.264063276497685573e+00
1.959999990463256792e+00,-5.457946376070811345e-01,1.211496371933566296e+00
1.959999990463256792e+00,-5.485583536909736102e-01,1.169843065203790777e+00
1.959999990463256792e+00,-5.971451111518489840e-01,1.159392348664591177e+00
1.959999990463256792e+00,-5.957946376020810675e-01,1.205709513435673452e+00
1.959999990463256792e+00,-5.957946376020810675e-01,1.258662216513604992e+00
1.959999990463256792e+00,-5.957946376020810675e-01,1.311614919591536310e+00
1.959999990463256792e+00,-5.957946376020810675e-01,1.364567622669467850e+00
1.959999990463256792e+00,-5.957946376020810675e-01,1.417520325747399168e+00
1.959999990463256792e+00,-5.957946376020810675e-01,1.470473028825330708e+00
1.959999990463256792e+00,-5.957946376020810675e-01,1.523425731903262026e+00
1.959999990463256792e+00,-5.957946376020810675e-01,1.576378434981193344e+00
1.959999990463256792e+00,-5.957946376020810675e-01,1.629331138059124884e+00
1.959999990463256792e+00,-5.957946376020810675e-01,1.682283841137056202e+00
1.959999990463256792e+00,-5.957946376020810675e-01,1.735236544214987742e+00
1.959999990463256792e+00,-5.957946376020810675e-01,1.788189247292919060e+00
1.959999990463256792e+00,-5.957946376020810675e-01,1.841141950370850600e+00
1.959999990463256792e+00,-5.957946376020810675e-01,1.894094653448781918e+00
1.959999990463256792e+00,-5.957946376020810675e-01,1.947047356526713457e+00
1.959999990463256792e+00,-5.957946376020810675e-01,2.000000059604644775e+00
1.959999990463256792e+00,-5.957946376020810675e-01,2.052952762682576093e+00
1.959999990463256792e+00,-5.957946376020810675e-01,2.105905465760507411e+00
1.959999990463256792e+00,-5.957946376020810675e-01,2.158858168838439173e+00
1.959999990463256792e+00,-5.957946376020810675e-01,2.211810871916370491e+00
1.959999990463256792e+00,-5.957946376020810675e-01,2.264763574994301809e+00
1.959999990463256792e+00,-5.957946376020810675e-01,2.317716278072233127e+00
1.959999990463256792e+00,-5.957946376020810675e-01,2.370668981150164889e+00
1.959999990463256792e+00,-5.957946376020810675e-01,2.423621684228096207e+00
1.959999990463256792e+00,-5.957946376020810675e-01,2.476574387306027525e+00
1.959999990463256792e+00,-5.957946376020810675e-01,2.529527090383958843e+00
1.959999990463256792e+00,-5.957946376020810675e-01,2.582479793461890161e+00
1.959999990463256792e+00,-5.957946376020810675e-01,2.635432496539821479e+00
1.959999990463256792e+00,-5.957946376020810675e-01,2.688385199617753241e+00
1.959999990463256792e+00,-5.957946376020810675e-01,2.741337902695684559e+00
1.959999990463256792e+00,-5.957946376020810675e-01,2.794290605773616321e+00
1.959999990463256792e+00,-5.971451577451752923e-01,2.840607541608854980e+00
1.959999990463256792e+00,-6.464246125254321518e-01,2.848002752201870269e+00
1.959999990463256792e+00,-6.457946375970811115e-01,2.802155382545026274e+00
1.959999990463256792e+00,-6.457946375970811115e-01,2.750403418535370292e+00
1.959999990463256792e+00,-6.457946375970811115e-01,2.698651454525713866e+00
1.959999990463256792e+00,-6.457946375970811115e-01,2.646899490516057885e+00
1.959999990463256792e+00,-6.457946375970811115e-01,2.595147526506401459e+00
1.959999990463256792e+00,-6.457946375970811115e-01,2.543395562496745477e+00
1.959999990463256792e+00,-6.457946375970811115e-01,2.491643598487089051e+00
1.959999990463256792e+00,-6.457946375970811115e-01,2.439891634477433069e+00
1.959999990463256792e+00,-6.457946375970811115e-01,2.388139670467776643e+00
1.959999990463256792e+00,-6.457946375970811115e-01,2.336387706458120661e+00
1.959999990463256792e+00,-6.457946375970811115e-01,2.284635742448464235e+00
1.959999990463256792e+00,-6.457946375970811115e-01,2.232883778438808253e+00
1.959999990463256792e+00,-6.457946375970811115e-01,2.181131814429152271e+00
1.959999990463256792e+00,-6.457946375970811115e-01,2.129379850419495845e+00
1.959999990463256792e+00,-6.457946375970811115e-01,2.077627886409839419e+00
1.959999990463256792e+00,-6.457946375970811115e-01,2.025875922400183438e+00
1.959999990463256792e+00,-6.457946375970811115e-01,1.974123958390527234e+00
1.959999990463256792e+00,-6.457946375970811115e-01,1.922371994380871030e+00
1.959999990463256792e+00,-6.457946375970811115e-01,1.870620030371214826e+00
1.959999990463256792e+00,-6.457946375970811115e-01,1.818868066361558622e+00
1.959999990463256792e+00,-6.457946375970811115e-01,1.767116102351902418e+00
1.959999990463256792e+00,-6.457946375970811115e-01,1.715364138342246214e+00
1.959999990463256792e+00,-6.457946375970811115e-01,1.663612174332590010e+00
1.959999990463256792e+00,-6.457946375970811115e-01,1.611860210322934028e+00
1.959999990463256792e+00,-6.457946375970811115e-01,1.560108246313277824e+00
1.959999990463256792e+00,-6.457946375970811115e-01,1.508356282303621620e+00
1.959999990463256792e+00,-6.457946375970811115e-01,1.456604318293965417e+00
1.959999990463256792e+00,-6.457946375970811115e-01,1.404852354284309213e+00
1.959999990463256792e+00,-6.457946375970811115e-01,1.353100390274653009e+00
1.959999990463256792e+00,-6.457946375970811115e-01,1.301348426264996805e+00
1.959999990463256792e+00,-6.457946375970811115e-01,1.249596462255340601e+00
1.959999990463256792e+00,-6.457946375970811115e-01,1.197844498245684397e+00
1.959999990463256792e+00,-6.464246527876914561e-01,1.151997341568998134e+00
1.959999990463256792e+00,-6.959061075041355071e-01,1.147501201856958142e+00
1.959999990463256792e+00,-6.957946375920811555e-01,1.197396675906166941e+00
1.959999990463256792e+00,-6.957946375920811555e-01,1.249177535525123783e+00
1.959999990463256792e+00,-6.957946375920811555e-01,1.300958395144080848e+00
1.959999990463256792e+00,-6.957946375920811555e-01,1.352739254763037913e+00
1.959999990463256792e+00,-6.957946375920811555e-01,1.404520114381994755e+00
1.959999990463256792e+00,-6.957946375920811555e-01,1.456300974000951598e+00
1.959999990463256792e+00,-6.957946375920811555e-01,1.508081833619908663e+00
1.959999990463256792e+00,-6.957946375920811555e-01,1.559862693238865727e+00
1.959999990463256792e+00,-6.957946375920811555e-01,1.611643552857822570e+00
1.959999990463256792e+00,-6.957946375920811555e-01,1.663424412476779635e+00
1.959999990463256792e+00,-6.957946375920811555e-01,1.715205272095736699e+00
1.959999990463256792e+00,-6.957946375920811555e-01,1.766986131714693542e+00
1.959999990463256792e+00,-6.957946375920811555e-01,1.818766991333650607e+00
1.959999990463256792e+00,-6.957946375920811555e-01,1.870547850952607671e+00
1.959999990463256792e+00,-6.957946375920811555e-01,1.922328710571564514e+00
1.959999990463256792e+00,-6.957946375920811555e-01,1.974109570190521579e+00
1.959999990463256792e+00,-6.957946375920811555e-01,2.025890429809478199e+00
1.959999990463256792e+00,-6.957946375920811555e-01,2.077671289428435486e+00
1.959999990463256792e+00,-6.957946375920811555e-01,2.129452149047392329e+00
1.959999990463256792e+00,-6.957946375920811555e-01,2.181233008666349171e+00
1.959999990463256792e+00,-6.957946375920811555e-01,2.233013868285306458e+00
1.959999990463256792e+00,-6.957946375920811555e-01,2.284794727904263301e+00
1.959999990463256792e+00,-6.957946375920811555e-01,2.336575587523220143e+00
1.959999990463256792e+00,-6.957946375920811555e-01,2.388356447142177430e+00
1.959999990463256792e+00,-6.957946375920811555e-01,2.440137306761134273e+00
1.959999990463256792e+00,-6.957946375920811555e-01,2.491918166380091115e+00
1.959999990463256792e+00,-6.957946375920811555e-01,2.543699025999048402e+00
1.959999990463256792e+00,-6.957946375920811555e-01,2.595479885618005245e+00
1.959999990463256792e+00,-6.957946375920811555e-01,2.647260745236962087e+00
1.959999990463256792e+00,-6.957946375920811555e-01,2.699041604855919374e+00
1.959999990463256792e+00,-6.957946375920811555e-01,2.750822464474875773e+00
1.959999990463256792e+00,-6.957946375920811555e-01,2.802603324093833059e+00
1.959999990463256792e+00,-6.959061048153936113e-01,2.852498749268102429e+00
1.959999990463256792e+00,-7.457966329771090752e-01,2.854215295646783002e+00
1.959999990463256792e+00,-7.457946375870810884e-01,2.802603324093833059e+00
1.959999990463256792e+00,-7.457946375870810884e-01,2.750822464474876217e+00
1.959999990463256792e+00,-7.457946375870810884e-01,2.699041604855919374e+00
1.959999990463256792e+00,-7.457946375870810884e-01,2.647260745236962087e+00
1.959999990463256792e+00,-7.457946375870810884e-01,2.595479885618005245e+00
1.959999990463256792e+00,-7.457946375870810884e-01,2.543699025999048402e+00
1.959999990463256792e+00,-7.457946375870810884e-01,2.491918166380091115e+00
1.959999990463256792e+00,-7.457946375870810884e-01,2.440137306761134273e+00
1.959999990463256792e+00,-7.457946375870810884e-01,2.388356447142177430e+00
1.959999990463256792e+00,-7.457946375870810884e-01,2.336575587523220587e+00
1.959999990463256792e+00,-7.457946375870810884e-01,2.284794727904263301e+00
1.959999990463256792e+00,-7.457946375870810884e-01,2.233013868285306458e+00
1.959999990463256792e+00,-7.457946375870810884e-01,2.181233008666349615e+00
1.959999990463256792e+00,-7.457946375870810884e-01,2.129452149047392329e+00
1.959999990463256792e+00,-7.457946375870810884e-01,2.077671289428435486e+00
1.959999990463256792e+00,-7.457946375870810884e-01,2.025890429809478643e+00
1.959999990463256792e+00,-7.457946375870810884e-01,1.974109570190521579e+00
1.959999990463256792e+00,-7.457946375870810884e-01,1.922328710571564736e+00
1.959999990463256792e+00,-7.457946375870810884e-01,1.870547850952607671e+00
1.959999990463256792e+00,-7.457946375870810884e-01,1.818766991333650829e+00
1.959999990463256792e+00,-7.457946375870810884e-01,1.766986131714693764e+00
1.959999990463256792e+00,-7.457946375870810884e-01,1.715205272095736699e+00
1.959999990463256792e+00,-7.457946375870810884e-01,1.663424412476779857e+00
1.959999990463256792e+00,-7.457946375870810884e-01,1.611643552857822792e+00
1.959999990463256792e+00,-7.457946375870810884e-01,1.559862693238865727e+00
1.959999990463256792e+00,-7.457946375870810884e-01,1.508081833619908885e+00
1.959999990463256792e+00,-7.457946375870810884e-01,1.456300974000951820e+00
1.959999990463256792e+00,-7.457946375870810884e-01,1.404520114381994755e+00
1.959999990463256792e+00,-7.457946375870810884e-01,1.352739254763037913e+00
1.959999990463256792e+00,-7.457946375870810884e-01,1.300958395144080848e+00
1.959999990463256792e+00,-7.457946375870810884e-01,1.249177535525124005e+00
1.959999990463256792e+00,-7.457946375870810884e-01,1.197396675906166941e+00
1.959999990463256792e+00,-7.457966319796774934e-01,1.145784662142939281e+00
1.959999990463256792e+00,-7.957498337026893687e-01,1.146879796332241241e+00
1.959999990463256792e+00,-7.957946375820811324e-01,1.197396675906166941e+00
1.959999990463256792e+00,-7.957946375820811324e-01,1.249177535525123783e+00
1.959999990463256792e+00,-7.957946375820811324e-01,1.300958395144080848e+00
1.959999990463256792e+00,-7.957946375820811324e-01,1.352739254763037913e+00
1.959999990463256792e+00,-7.957946375820811324e-01,1.404520114381994755e+00
1.959999990463256792e+00,-7.957946375820811324e-01,1.456300974000951598e+00
1.959999990463256792e+00,-7.957946375820811324e-01,1.508081833619908663e+00
1.959999990463256792e+00,-7.957946375820811324e-01,1.559862693238865727e+00
1.959999990463256792e+00,-7.957946375820811324e-01,1.611643552857822570e+00
1.959999990463256792e+00,-7.957946375820811324e-01,1.663424412476779635e+00
1.959999990463256792e+00,-7.957946375820811324e-01,1.715205272095736699e+00
1.959999990463256792e+00,-7.957946375820811324e-01,1.766986131714693542e+00
1.959999990463256792e+00,-7.957946375820811324e-01,1.818766991333650607e+00
1.959999990463256792e+00,-7.957946375820811324e-01,1.870547850952607671e+00
1.959999990463256792e+00,-7.957946375820811324e-01,1.922328710571564514e+00
1.959999990463256792e+00,-7.957946375820811324e-01,1.974109570190521579e+00
1.959999990463256792e+00,-7.957946375820811324e-01,2.025890429809478199e+00
1.959999990463256792e+00,-7.957946375820811324e-01,2.077671289428435486e+00
1.959999990463256792e+00,-7.957946375820811324e-01,2.129452149047392329e+00
1.959999990463256792e+00,-7.957946375820811324e-01,2.181233008666349171e+00
1.959999990463256792e+00,-7.957946375820811324e-01,2.233013868285306458e+00
1.959999990463256792e+00,-7.957946375820811324e-01,2.284794727904263301e+00
1.959999990463256792e+00,-7.957946375820811324e-01,2.336575587523220143e+00
1.959999990463256792e+00,-7.957946375820811324e-01,2.388356447142177430e+00
1.959999990463256792e+00,-7.957946375820811324e-01,2.440137306761134273e+00
1.959999990463256792e+00,-7.957946375820811324e-01,2.491918166380091115e+00
1.959999990463256792e+00,-7.957946375820811324e-01,2.543699025999048402e+00
1.959999990463256792e+00,-7.957946375820811324e-01,2.595479885618005245e+00
1.959999990463256792e+00,-7.957946375820811324e-01,2.647260745236962087e+00
1.959999990463256792e+00,-7.957946375820811324e-01,2.699041604855919374e+00
1.959999990463256792e+00,-7.957946375820811324e-01,2.750822464474875773e+00
1.959999990463256792e+00,-7.957946375820811324e-01,2.802603324093833059e+00
1.959999990463256792e+00,-7.957498337026893687e-01,2.853120203667758759e+00
1.959999990463256792e+00,-8.452801470755740842e-01,2.849016577550875340e+00
1.959999990463256792e+00,-8.457946375770810654e-01,2.801260182191525061e+00
1.959999990463256792e+00,-8.457946375770810654e-01,2.749565976888845853e+00
1.959999990463256792e+00,-8.457946375770810654e-01,2.697871771586167089e+00
1.959999990463256792e+00,-8.457946375770810654e-01,2.646177566283487881e+00
1.959999990463256792e+00,-8.457946375770810654e-01,2.594483360980809117e+00
1.959999990463256792e+00,-8.457946375770810654e-01,2.542789155678129909e+00
1.959999990463256792e+00,-8.457946375770810654e-01,2.491094950375450701e+00
1.959999990463256792e+00,-8.457946375770810654e-01,2.439400745072771937e+00
1.959999990463256792e+00,-8.457946375770810654e-01,2.387706539770092729e+00
1.959999990463256792e+00,-8.457946375770810654e-01,2.336012334467413964e+00
1.959999990463256792e+00,-8.457946375770810654e-01,2.284318129164734756e+00
1.959999990463256792e+00,-8.457946375770810654e-01,2.232623923862055548e+00
1.959999990463256792e+00,-8.457946375770810654e-01,2.180929718559376340e+00
1.959999990463256792e+00,-8.457946375770810654e-01,2.129235513256697576e+00
1.959999990463256792e+00,-8.457946375770810654e-01,2.077541307954018368e+00
1.959999990463256792e+00,-8.457946375770810654e-01,2.025847102651339604e+00
1.959999990463256792e+00,-8.457946375770810654e-01,1.974152897348660396e+00
1.959999990463256792e+00,-8.457946375770810654e-01,1.922458692045981410e+00
1.959999990463256792e+00,-8.457946375770810654e-01,1.870764486743302424e+00
1.959999990463256792e+00,-8.457946375770810654e-01,1.819070281440623438e+00
1.959999990463256792e+00,-8.457946375770810654e-01,1.767376076137944230e+00
1.959999990463256792e+00,-8.457946375770810654e-01,1.715681870835265244e+00
1.959999990463256792e+00,-8.457946375770810654e-01,1.663987665532586258e+00
1.959999990463256792e+00,-8.457946375770810654e-01,1.612293460229907271e+00
1.959999990463256792e+00,-8.457946375770810654e-01,1.560599254927228285e+00
1.959999990463256792e+00,-8.457946375770810654e-01,1.508905049624549077e+00
1.959999990463256792e+00,-8.457946375770810654e-01,1.457210844321870091e+00
1.959999990463256792e+00,-8.457946375770810654e-01,1.405516639019191105e+00
1.959999990463256792e+00,-8.457946375770810654e-01,1.353822433716512119e+00
1.959999990463256792e+00,-8.457946375770810654e-01,1.302128228413832911e+00
1.959999990463256792e+00,-8.457946375770810654e-01,1.250434023111153925e+00
1.959999990463256792e+00,-8.457946375770810654e-01,1.198739817808474939e+00
1.959999990463256792e+00,-8.452801603788927531e-01,1.150983410401005269e+00
1.959999990463256792e+00,-8.944179234409119772e-01,1.158068324881387445e+00
1.959999990463256792e+00,-8.957946375720811094e-01,1.203480035225908740e+00
1.959999990463256792e+00,-8.957946375720811094e-01,1.256581366210848039e+00
1.959999990463256792e+00,-8.957946375720811094e-01,1.309682697195787560e+00
1.959999990463256792e+00,-8.957946375720811094e-01,1.362784028180726859e+00
1.959999990463256792e+00,-8.957946375720811094e-01,1.415885359165666380e+00
1.959999990463256792e+00,-8.957946375720811094e-01,1.468986690150605678e+00
1.959999990463256792e+00,-8.957946375720811094e-01,1.522088021135545199e+00
1.959999990463256792e+00,-8.957946375720811094e-01,1.575189352120484720e+00
1.959999990463256792e+00,-8.957946375720811094e-01,1.628290683105424019e+00
1.959999990463256792e+00,-8.957946375720811094e-01,1.681392014090363540e+00
1.959999990463256792e+00,-8.957946375720811094e-01,1.734493345075302839e+00
1.959999990463256792e+00,-8.957946375720811094e-01,1.787594676060242360e+00
1.959999990463256792e+00,-8.957946375720811094e-01,1.840696007045181659e+00
1.959999990463256792e+00,-8.957946375720811094e-01,1.893797338030121180e+00
1.959999990463256792e+00,-8.957946375720811094e-01,1.946898669015060479e+00
1.959999990463256792e+00,-8.957946375720811094e-01,2.000000000000000000e+00
1.959999990463256792e+00,-8.957946375720811094e-01,2.053101330984939299e+00
1.959999990463256792e+00,-8.957946375720811094e-01,2.106202661969879042e+00
1.959999990463256792e+00,-8.957946375720811094e-01,2.159303992954818341e+00
1.959999990463256792e+00,-8.957946375720811094e-01,2.212405323939757640e+00
1.959999990463256792e+00,-8.957946375720811094e-01,2.265506654924696939e+00
1.959999990463256792e+00,-8.957946375720811094e-01,2.318607985909636682e+00
1.959999990463256792e+00,-8.957946375720811094e-01,2.371709316894575981e+00
1.959999990463256792e+00,-8.957946375720811094e-01,2.424810647879515280e+00
1.959999990463256792e+00,-8.957946375720811094e-01,2.477911978864455023e+00
1.959999990463256792e+00,-8.957946375720811094e-01,2.531013309849394322e+00
1.959999990463256792e+00,-8.957946375720811094e-01,2.584114640834333620e+00
1.959999990463256792e+00,-8.957946375720811094e-01,2.637215971819273364e+00
1.959999990463256792e+00,-8.957946375720811094e-01,2.690317302804212218e+00
1.959999990463256792e+00,-8.957946375720811094e-01,2.743418633789151961e+00
1.959999990463256792e+00,-8.957946375720811094e-01,2.796519964774091704e+00
1.959999990463256792e+00,-8.944179322713479152e-01,2.841931595568291780e+00
1.959999990463256792e+00,-9.429942385179194142e-01,2.832123093429003813e+00
1.959999990463256792e+00,-9.457946375670811534e-01,2.791617777040229509e+00
1.959999990463256792e+00,-9.457946375670811534e-01,2.738843254597237653e+00
1.959999990463256792e+00,-9.457946375670811534e-01,2.686068732154246241e+00
1.959999990463256792e+00,-9.457946375670811534e-01,2.633294209711254830e+00
1.959999990463256792e+00,-9.457946375670811534e-01,2.580519687268262974e+00
1.959999990463256792e+00,-9.457946375670811534e-01,2.527745164825271562e+00
1.959999990463256792e+00,-9.457946375670811534e-01,2.474970642382279706e+00
1.959999990463256792e+00,-9.457946375670811534e-01,2.422196119939288295e+00
1.959999990463256792e+00,-9.457946375670811534e-01,2.369421597496296439e+00
1.959999990463256792e+00,-9.457946375670811534e-01,2.316647075053305027e+00
1.959999990463256792e+00,-9.457946375670811534e-01,2.263872552610313171e+00
1.959999990463256792e+00,-9.457946375670811534e-01,2.211098030167321760e+00
1.959999990463256792e+00,-9.457946375670811534e-01,2.158323507724329904e+00
1.959999990463256792e+00,-9.457946375670811534e-01,2.105548985281338492e+00
1.959999990463256792e+00,-9.457946375670811534e-01,2.052774462838346636e+00
1.959999990463256792e+00,-9.457946375670811534e-01,1.999999940395355225e+00
1.959999990463256792e+00,-9.457946375670811534e-01,1.947225417952363591e+00
1.959999990463256792e+00,-9.457946375670811534e-01,1.894450895509371957e+00
1.959999990463256792e+00,-9.457946375670811534e-01,1.841676373066380323e+00
1.959999990463256792e+00,-9.457946375670811534e-01,1.788901850623388912e+00
1.959999990463256792e+00,-9.457946375670811534e-01,1.736127328180397056e+00
1.959999990463256792e+00,-9.457946375670811534e-01,1.683352805737405644e+00
1.959999990463256792e+00,-9.457946375670811534e-01,1.630578283294413788e+00
1.959999990463256792e+00,-9.457946375670811534e-01,1.577803760851422377e+00
1.959999990463256792e+00,-9.457946375670811534e-01,1.525029238408430521e+00
1.959999990463256792e+00,-9.457946375670811534e-01,1.472254715965439109e+00
1.959999990463256792e+00,-9.457946375670811534e-01,1.419480193522447475e+00
1.959999990463256792e+00,-9.457946375670811534e-01,1.366705671079455842e+00
1.959999990463256792e+00,-9.457946375670811534e-01,1.313931148636464208e+00
1.959999990463256792e+00,-9.457946375670811534e-01,1.261156626193472574e+00
1.959999990463256792e+00,-9.457946375670811534e-01,1.208382103750480940e+00
1.959999990463256792e+00,-9.429942628321473785e-01,1.167876843682942534e+00
1.959999990463256792e+00,-9.931999936667431639e-01,1.181017697321106619e+00
1.959999990463256792e+00,-9.957946375620810864e-01,1.223470647043323645e+00
1.959999990463256792e+00,-9.957946375620810864e-01,1.275239266600125543e+00
1.959999990463256792e+00,-9.957946375620810864e-01,1.327007886156927885e+00
1.959999990463256792e+00,-9.957946375620810864e-01,1.378776505713729783e+00
1.959999990463256792e+00,-9.957946375620810864e-01,1.430545125270532125e+00
1.959999990463256792e+00,-9.957946375620810864e-01,1.482313744827334023e+00
1.959999990463256792e+00,-9.957946375620810864e-01,1.534082364384136365e+00
1.959999990463256792e+00,-9.957946375620810864e-01,1.585850983940938486e+00
1.959999990463256792e+00,-9.957946375620810864e-01,1.637619603497740606e+00
1.959999990463256792e+00,-9.957946375620810864e-01,1.689388223054542504e+00
1.959999990463256792e+00,-9.957946375620810864e-01,1.741156842611344846e+00
1.959999990463256792e+00,-9.957946375620810864e-01,1.792925462168146966e+00
1.959999990463256792e+00,-9.957946375620810864e-01,1.844694081724949086e+00
1.959999990463256792e+00,-9.957946375620810864e-01,1.896462701281751206e+00
1.959999990463256792e+00,-9.957946375620810864e-01,1.948231320838553327e+00
1.959999990463256792e+00,-9.957946375620810864e-01,1.999999940395355447e+00
1.959999990463256792e+00,-9.957946375620810864e-01,2.051768559952157567e+00
1.959999990463256792e+00,-9.957946375620810864e-01,2.103537179508959465e+00
1.959999990463256792e+00,-9.957946375620810864e-01,2.155305799065761807e+00
1.959999990463256792e+00,-9.957946375620810864e-01,2.207074418622563705e+00
1.959999990463256792e+00,-9.957946375620810864e-01,2.258843038179366047e+00
1.959999990463256792e+00,-9.957946375620810864e-01,2.310611657736167945e+00
1.959999990463256792e+00,-9.957946375620810864e-01,2.362380277292969843e+00
1.959999990463256792e+00,-9.957946375620810864e-01,2.414148896849772186e+00
1.959999990463256792e+00,-9.957946375620810864e-01,2.465917516406574528e+00
1.959999990463256792e+00,-9.957946375620810864e-01,2.517686135963376426e+00
1.959999990463256792e+00,-9.957946375620810864e-01,2.569454755520178324e+00
1.959999990463256792e+00,-9.957946375620810864e-01,2.621223375076980666e+00
1.959999990463256792e+00,-9.957946375620810864e-01,2.672991994633783008e+00
1.959999990463256792e+00,-9.957946375620810864e-01,2.724760614190584906e+00
1.959999990463256792e+00,-9.957946375620810864e-01,2.776529233747386805e+00
1.959999990463256792e+00,-9.932000466766598423e-01,2.818982271249860450e+00
1.959999990463256792e+00,-1.040432829712432117e+00,2.803484008917861647e+00
1.959999990463256792e+00,-1.045794637557081241e+00,2.764728507535022750e+00
1.959999990463256792e+00,-1.045794637557081241e+00,2.711988610463642146e+00
1.959999990463256792e+00,-1.045794637557081241e+00,2.659248713392261099e+00
1.959999990463256792e+00,-1.045794637557081241e+00,2.606508816320880051e+00
1.959999990463256792e+00,-1.045794637557081241e+00,2.553768919249499447e+00
1.959999990463256792e+00,-1.045794637557081241e+00,2.501029022178118399e+00
1.959999990463256792e+00,-1.045794637557081241e+00,2.448289125106737352e+00
1.959999990463256792e+00,-1.045794637557081241e+00,2.395549228035356748e+00
1.959999990463256792e+00,-1.045794637557081241e+00,2.342809330963975700e+00
1.959999990463256792e+00,-1.045794637557081241e+00,2.290069433892595097e+00
1.959999990463256792e+00,-1.045794637557081241e+00,2.237329536821214049e+00
1.959999990463256792e+00,-1.045794637557081241e+00,2.184589639749833001e+00
1.959999990463256792e+00,-1.045794637557081241e+00,2.131849742678452397e+00
1.959999990463256792e+00,-1.045794637557081241e+00,2.079109845607071350e+00
1.959999990463256792e+00,-1.045794637557081241e+00,2.026369948535690302e+00
1.959999990463256792e+00,-1.045794637557081241e+00,1.973630051464309476e+00
1.959999990463256792e+00,-1.045794637557081241e+00,1.920890154392928650e+00
1.959999990463256792e+00,-1.045794637557081241e+00,1.868150257321547825e+00
1.959999990463256792e+00,-1.045794637557081241e+00,1.815410360250166999e+00
1.959999990463256792e+00,-1.045794637557081241e+00,1.762670463178786173e+00
1.959999990463256792e+00,-1.045794637557081241e+00,1.709930566107405125e+00
1.959999990463256792e+00,-1.045794637557081241e+00,1.657190669036024300e+00
1.959999990463256792e+00,-1.045794637557081241e+00,1.604450771964643252e+00
1.959999990463256792e+00,-1.045794637557081241e+00,1.551710874893262648e+00
1.959999990463256792e+00,-1.045794637557081241e+00,1.498970977821881601e+00
1.959999990463256792e+00,-1.045794637557081241e+00,1.446231080750500553e+00
1.959999990463256792e+00,-1.045794637557081241e+00,1.393491183679119949e+00
1.959999990463256792e+00,-1.045794637557081241e+00,1.340751286607738901e+00
1.959999990463256792e+00,-1.045794637557081241e+00,1.288011389536358076e+00
1.959999990463256792e+00,-1.045794637557081241e+00,1.235271492464977028e+00
1.959999990463256792e+00,-1.040432869560929285e+00,1.196515887151305524e+00
1.959999990463256792e+00,-1.087067188587599320e+00,1.215081918765075430e+00
1.959999990463256792e+00,-1.095794637552081063e+00,1.247108828787486079e+00
1.959999990463256792e+00,-1.095794637552081063e+00,1.299032353725959821e+00
1.959999990463256792e+00,-1.095794637552081063e+00,1.350955878664433563e+00
1.959999990463256792e+00,-1.095794637552081063e+00,1.402879403602907082e+00
1.959999990463256792e+00,-1.095794637552081063e+00,1.454802928541381046e+00
1.959999990463256792e+00,-1.095794637552081063e+00,1.506726453479854788e+00
1.959999990463256792e+00,-1.095794637552081063e+00,1.558649978418328530e+00
1.959999990463256792e+00,-1.095794637552081063e+00,1.610573503356802050e+00
1.959999990463256792e+00,-1.095794637552081063e+00,1.662497028295276014e+00
1.959999990463256792e+00,-1.095794637552081063e+00,1.714420553233749533e+00
1.959999990463256792e+00,-1.095794637552081063e+00,1.766344078172223497e+00
1.959999990463256792e+00,-1.095794637552081063e+00,1.818267603110697017e+00
1.959999990463256792e+00,-1.095794637552081063e+00,1.870191128049170759e+00
1.959999990463256792e+00,-1.095794637552081063e+00,1.922114652987644501e+00
1.959999990463256792e+00,-1.095794637552081063e+00,1.974038177926118465e+00
1.959999990463256792e+00,-1.095794637552081063e+00,2.025961702864591985e+00
1.959999990463256792e+00,-1.095794637552081063e+00,2.077885227803065948e+00
1.959999990463256792e+00,-1.095794637552081063e+00,2.129808752741539468e+00
1.959999990463256792e+00,-1.095794637552081063e+00,2.181732277680013432e+00
1.959999990463256792e+00,-1.095794637552081063e+00,2.233655802618486952e+00
1.959999990463256792e+00,-1.095794637552081063e+00,2.285579327556960472e+00
1.959999990463256792e+00,-1.095794637552081063e+00,2.337502852495434436e+00
1.959999990463256792e+00,-1.095794637552081063e+00,2.389426377433908399e+00
1.959999990463256792e+00,-1.095794637552081063e+00,2.441349902372381919e+00
1.959999990463256792e+00,-1.095794637552081063e+00,2.493273427310855439e+00
1.959999990463256792e+00,-1.095794637552081063e+00,2.545196952249329403e+00
1.959999990463256792e+00,-1.095794637552081063e+00,2.597120477187803367e+00
1.959999990463256792e+00,-1.095794637552081063e+00,2.649044002126276887e+00
1.959999990463256792e+00,-1.095794637552081063e+00,2.700967527064750406e+00
1.959999990463256792e+00,-1.095794637552081063e+00,2.752891052003224370e+00
1.959999990463256792e+00,-1.087067188587599320e+00,2.784917962025635241e+00
1.959999990463256792e+00,-1.132585368956583016e+00,2.763744481000581121e+00
1.959999990463256792e+00,-1.145794637547081107e+00,2.737673977863278374e+00
1.959999990463256792e+00,-1.145794637547081107e+00,2.684982975186998466e+00
1.959999990463256792e+00,-1.145794637547081107e+00,2.632291972510718114e+00
1.959999990463256792e+00,-1.145794637547081107e+00,2.579600969834437763e+00
1.959999990463256792e+00,-1.145794637547081107e+00,2.526909967158157855e+00
1.959999990463256792e+00,-1.145794637547081107e+00,2.474218964481877503e+00
1.959999990463256792e+00,-1.145794637547081107e+00,2.421527961805597151e+00
1.959999990463256792e+00,-1.145794637547081107e+00,2.368836959129316799e+00
1.959999990463256792e+00,-1.145794637547081107e+00,2.316145956453036447e+00
1.959999990463256792e+00,-1.145794637547081107e+00,2.263454953776756540e+00
1.959999990463256792e+00,-1.145794637547081107e+00,2.210763951100476188e+00
1.959999990463256792e+00,-1.145794637547081107e+00,2.158072948424195836e+00
1.959999990463256792e+00,-1.145794637547081107e+00,2.105381945747915484e+00
1.959999990463256792e+00,-1.145794637547081107e+00,2.052690943071635576e+00
1.959999990463256792e+00,-1.145794637547081107e+00,1.999999940395355225e+00
1.959999990463256792e+00,-1.145794637547081107e+00,1.947308937719074873e+00
1.959999990463256792e+00,-1.145794637547081107e+00,1.894617935042794743e+00
1.959999990463256792e+00,-1.145794637547081107e+00,1.841926932366514391e+00
1.959999990463256792e+00,-1.145794637547081107e+00,1.789235929690234261e+00
1.959999990463256792e+00,-1.145794637547081107e+00,1.736544927013953910e+00
1.959999990463256792e+00,-1.145794637547081107e+00,1.683853924337673558e+00
1.959999990463256792e+00,-1.145794637547081107e+00,1.631162921661393650e+00
1.959999990463256792e+00,-1.145794637547081107e+00,1.578471918985113298e+00
1.959999990463256792e+00,-1.145794637547081107e+00,1.525780916308832946e+00
1.959999990463256792e+00,-1.145794637547081107e+00,1.473089913632552816e+00
1.959999990463256792e+00,-1.145794637547081107e+00,1.420398910956272465e+00
1.959999990463256792e+00,-1.145794637547081107e+00,1.367707908279992335e+00
1.959999990463256792e+00,-1.145794637547081107e+00,1.315016905603712205e+00
1.959999990463256792e+00,-1.145794637547081107e+00,1.262325902927431853e+00
1.959999990463256792e+00,-1.132585270991714355e+00,1.236255420332461163e+00
1.959999990463256792e+00,-1.183459354927428375e+00,1.263680061610097383e+00
1.959999990463256792e+00,-1.195794637542081151e+00,1.295941221443765112e+00
1.959999990463256792e+00,-1.195794637542081151e+00,1.348093723559041557e+00
1.959999990463256792e+00,-1.195794637542081151e+00,1.400246225674318445e+00
1.959999990463256792e+00,-1.195794637542081151e+00,1.452398727789594890e+00
1.959999990463256792e+00,-1.195794637542081151e+00,1.504551229904871779e+00
1.959999990463256792e+00,-1.195794637542081151e+00,1.556703732020148445e+00
1.959999990463256792e+00,-1.195794637542081151e+00,1.608856234135425112e+00
1.959999990463256792e+00,-1.195794637542081151e+00,1.661008736250701556e+00
1.959999990463256792e+00,-1.195794637542081151e+00,1.713161238365978445e+00
1.959999990463256792e+00,-1.195794637542081151e+00,1.765313740481255111e+00
1.959999990463256792e+00,-1.195794637542081151e+00,1.817466242596531556e+00
1.959999990463256792e+00,-1.195794637542081151e+00,1.869618744711808223e+00
1.959999990463256792e+00,-1.195794637542081151e+00,1.921771246827085111e+00
1.959999990463256792e+00,-1.195794637542081151e+00,1.973923748942361556e+00
1.959999990463256792e+00,-1.195794637542081151e+00,2.026076251057638444e+00
1.959999990463256792e+00,-1.195794637542081151e+00,2.078228753172914889e+00
1.959999990463256792e+00,-1.195794637542081151e+00,2.130381255288191777e+00
1.959999990463256792e+00,-1.195794637542081151e+00,2.182533757403468222e+00
1.959999990463256792e+00,-1.195794637542081151e+00,2.234686259518745111e+00
1.959999990463256792e+00,-1.195794637542081151e+00,2.286838761634021555e+00
1.959999990463256792e+00,-1.195794637542081151e+00,2.338991263749298444e+00
1.959999990463256792e+00,-1.195794637542081151e+00,2.391143765864574888e+00
1.959999990463256792e+00,-1.195794637542081151e+00,2.443296267979851777e+00
1.959999990463256792e+00,-1.195794637542081151e+00,2.495448770095128221e+00
1.959999990463256792e+00,-1.195794637542081151e+00,2.547601272210404666e+00
1.959999990463256792e+00,-1.195794637542081151e+00,2.599753774325681555e+00
1.959999990463256792e+00,-1.195794637542081151e+00,2.651906276440958443e+00
1.959999990463256792e+00,-1.195794637542081151e+00,2.704058778556234888e+00
1.959999990463256792e+00,-1.183459304338501994e+00,2.736319968286410109e+00
1.959999990463256792e+00,-1.226728698566380782e+00,2.708853695630697000e+00
1.959999990463256792e+00,-1.245794637537080973e+00,2.683970144680013270e+00
1.959999990463256792e+00,-1.245794637537080973e+00,2.631357056627704694e+00
1.959999990463256792e+00,-1.245794637537080973e+00,2.578743968575396117e+00
1.959999990463256792e+00,-1.245794637537080973e+00,2.526130880523087097e+00
1.959999990463256792e+00,-1.245794637537080973e+00,2.473517792470778520e+00
1.959999990463256792e+00,-1.245794637537080973e+00,2.420904704418469500e+00
1.959999990463256792e+00,-1.245794637537080973e+00,2.368291616366160923e+00
1.959999990463256792e+00,-1.245794637537080973e+00,2.315678528313852347e+00
1.959999990463256792e+00,-1.245794637537080973e+00,2.263065440261543770e+00
1.959999990463256792e+00,-1.245794637537080973e+00,2.210452352209234750e+00
1.959999990463256792e+00,-1.245794637537080973e+00,2.157839264156926173e+00
1.959999990463256792e+00,-1.245794637537080973e+00,2.105226176104617597e+00
1.959999990463256792e+00,-1.245794637537080973e+00,2.052613088052308576e+00
1.959999990463256792e+00,-1.245794637537080973e+00,2.000000000000000000e+00
1.959999990463256792e+00,-1.245794637537080973e+00,1.947386911947691202e+00
1.959999990463256792e+00,-1.245794637537080973e+00,1.894773823895382625e+00
1.959999990463256792e+00,-1.245794637537080973e+00,1.842160735843073827e+00
1.959999990463256792e+00,-1.245794637537080973e+00,1.789547647790765028e+00
1.959999990463256792e+00,-1.245794637537080973e+00,1.736934559738456452e+00
1.959999990463256792e+00,-1.245794637537080973e+00,1.684321471686147653e+00
1.959999990463256792e+00,-1.245794637537080973e+00,1.631708383633838855e+00
1.959999990463256792e+00,-1.245794637537080973e+00,1.579095295581530278e+00
1.959999990463256792e+00,-1.245794637537080973e+00,1.526482207529221480e+00
1.959999990463256792e+00,-1.245794637537080973e+00,1.473869119476912903e+00
1.959999990463256792e+00,-1.245794637537080973e+00,1.421256031424603883e+00
1.959999990463256792e+00,-1.245794637537080973e+00,1.368642943372295306e+00
1.959999990463256792e+00,-1.245794637537080973e+00,1.316029855319986730e+00
1.959999990463256792e+00,-1.226728671017469852e+00,1.291146199882865941e+00
1.959999990463256792e+00,-1.279258685284700992e+00,1.329327184215954416e+00
1.959999990463256792e+00,-1.295794637532081239e+00,1.360821063829758870e+00
1.959999990463256792e+00,-1.295794637532081239e+00,1.414085975177278964e+00
1.959999990463256792e+00,-1.295794637532081239e+00,1.467350886524799058e+00
1.959999990463256792e+00,-1.295794637532081239e+00,1.520615797872319153e+00
1.959999990463256792e+00,-1.295794637532081239e+00,1.573880709219839247e+00
1.959999990463256792e+00,-1.295794637532081239e+00,1.627145620567359341e+00
1.959999990463256792e+00,-1.295794637532081239e+00,1.680410531914879435e+00
1.959999990463256792e+00,-1.295794637532081239e+00,1.733675443262399529e+00
1.959999990463256792e+00,-1.295794637532081239e+00,1.786940354609919623e+00
1.959999990463256792e+00,-1.295794637532081239e+00,1.840205265957439718e+00
1.959999990463256792e+00,-1.295794637532081239e+00,1.893470177304959812e+00
1.959999990463256792e+00,-1.295794637532081239e+00,1.946735088652479906e+00
1.959999990463256792e+00,-1.295794637532081239e+00,2.000000000000000000e+00
1.959999990463256792e+00,-1.295794637532081239e+00,2.053264911347520094e+00
1.959999990463256792e+00,-1.295794637532081239e+00,2.106529822695040188e+00
1.959999990463256792e+00,-1.295794637532081239e+00,2.159794734042560282e+00
1.959999990463256792e+00,-1.295794637532081239e+00,2.213059645390080377e+00
1.959999990463256792e+00,-1.295794637532081239e+00,2.266324556737600471e+00
1.959999990463256792e+00,-1.295794637532081239e+00,2.319589468085120565e+00
1.959999990463256792e+00,-1.295794637532081239e+00,2.372854379432640659e+00
1.959999990463256792e+00,-1.295794637532081239e+00,2.426119290780160753e+00
1.959999990463256792e+00,-1.295794637532081239e+00,2.479384202127680847e+00
1.959999990463256792e+00,-1.295794637532081239e+00,2.532649113475200942e+00
1.959999990463256792e+00,-1.295794637532081239e+00,2.585914024822721036e+00
1.959999990463256792e+00,-1.295794637532081239e+00,2.639178936170241130e+00
1.959999990463256792e+00,-1.279258685284700992e+00,2.670672815784045362e+00
1.959999990463256792e+00,-1.318160361769417532e+00,2.638012200566747012e+00
1.959999990463256792e+00,-1.344676964103609373e+00,2.613483945847247192e+00
1.959999990463256792e+00,-1.345794637527081061e+00,2.561146020777052890e+00
1.959999990463256792e+00,-1.345794637527081061e+00,2.507703542607809588e+00
1.959999990463256792e+00,-1.345794637527081061e+00,2.454261064438566731e+00
1.959999990463256792e+00,-1.345794637527081061e+00,2.400818586269323429e+00
1.959999990463256792e+00,-1.345794637527081061e+00,2.347376108100080572e+00
1.959999990463256792e+00,-1.345794637527081061e+00,2.293933629930837270e+00
1.959999990463256792e+00,-1.345794637527081061e+00,2.240491151761593969e+00
1.959999990463256792e+00,-1.345794637527081061e+00,2.187048673592351111e+00
1.959999990463256792e+00,-1.345794637527081061e+00,2.133606195423107810e+00
1.959999990463256792e+00,-1.345794637527081061e+00,2.080163717253864508e+00
1.959999990463256792e+00,-1.345794637527081061e+00,2.026721239084621651e+00
1.959999990463256792e+00,-1.345794637527081061e+00,1.973278760915378571e+00
1.959999990463256792e+00,-1.345794637527081061e+00,1.919836282746135270e+00
1.959999990463256792e+00,-1.345794637527081061e+00,1.866393804576892190e+00
1.959999990463256792e+00,-1.345794637527081061e+00,1.812951326407649111e+00
1.959999990463256792e+00,-1.345794637527081061e+00,1.759508848238406031e+00
1.959999990463256792e+00,-1.345794637527081061e+00,1.706066370069162730e+00
1.959999990463256792e+00,-1.345794637527081061e+00,1.652623891899919650e+00
1.959999990463256792e+00,-1.345794637527081061e+00,1.599181413730676571e+00
1.959999990463256792e+00,-1.345794637527081061e+00,1.545738935561433269e+00
1.959999990463256792e+00,-1.345794637527081061e+00,1.492296457392190190e+00
1.959999990463256792e+00,-1.345794637527081061e+00,1.438853979222947110e+00
1.959999990463256792e+00,-1.344676964103609373e+00,1.386516054152752808e+00
1.959999990463256792e+00,-1.318160361769417532e+00,1.361987799433252988e+00
1.959999990463256792e+00,-1.369280446831079745e+00,1.411411786909301691e+00
1.959999990463256792e+00,-1.394806412813533791e+00,1.439557340031306421e+00
1.959999990463256792e+00,-1.395794637522081327e+00,1.492129046085593824e+00
1.959999990463256792e+00,-1.395794637522081327e+00,1.545589146497636346e+00
1.959999990463256792e+00,-1.395794637522081327e+00,1.599049246909679312e+00
1.959999990463256792e+00,-1.395794637522081327e+00,1.652509347321722055e+00
1.959999990463256792e+00,-1.395794637522081327e+00,1.705969447733764799e+00
1.959999990463256792e+00,-1.395794637522081327e+00,1.759429548145807543e+00
1.959999990463256792e+00,-1.395794637522081327e+00,1.812889648557850286e+00
1.959999990463256792e+00,-1.395794637522081327e+00,1.866349748969893030e+00
1.959999990463256792e+00,-1.395794637522081327e+00,1.919809849381935773e+00
1.959999990463256792e+00,-1.395794637522081327e+00,1.973269949793978739e+00
1.959999990463256792e+00,-1.395794637522081327e+00,2.026730050206021261e+00
1.959999990463256792e+00,-1.395794637522081327e+00,2.080190150618064227e+00
1.959999990463256792e+00,-1.395794637522081327e+00,2.133650251030106748e+00
1.959999990463256792e+00,-1.395794637522081327e+00,2.187110351442149714e+00
1.959999990463256792e+00,-1.395794637522081327e+00,2.240570451854192680e+00
1.959999990463256792e+00,-1.395794637522081327e+00,2.294030552266235201e+00
1.959999990463256792e+00,-1.395794637522081327e+00,2.347490652678278167e+00
1.959999990463256792e+00,-1.395794637522081327e+00,2.400950753090320688e+00
1.959999990463256792e+00,-1.395794637522081327e+00,2.454410853502363654e+00
1.959999990463256792e+00,-1.395794637522081327e+00,2.507870953914406176e+00
1.959999990463256792e+00,-1.394806412813533791e+00,2.560442659968693579e+00
1.959999990463256792e+00,-1.369280446831079745e+00,2.588588213090698087e+00
1.959999990463256792e+00,-1.402868754336925372e+00,2.551013372714938665e+00
1.959999990463256792e+00,-1.428081253477006873e+00,2.519675700678778441e+00
1.959999990463256792e+00,-1.445794637517081149e+00,2.479522401540392718e+00
1.959999990463256792e+00,-1.445794637517081149e+00,2.426242134702571107e+00
1.959999990463256792e+00,-1.445794637517081149e+00,2.372961867864749941e+00
1.959999990463256792e+00,-1.445794637517081149e+00,2.319681601026928330e+00
1.959999990463256792e+00,-1.445794637517081149e+00,2.266401334189106720e+00
1.959999990463256792e+00,-1.445794637517081149e+00,2.213121067351285554e+00
1.959999990463256792e+00,-1.445794637517081149e+00,2.159840800513464387e+00
1.959999990463256792e+00,-1.445794637517081149e+00,2.106560533675642777e+00
1.959999990463256792e+00,-1.445794637517081149e+00,2.053280266837821610e+00
1.959999990463256792e+00,-1.445794637517081149e+00,2.000000000000000000e+00
1.959999990463256792e+00,-1.445794637517081149e+00,1.946719733162178612e+00
1.959999990463256792e+00,-1.445794637517081149e+00,1.893439466324357223e+00
1.959999990463256792e+00,-1.445794637517081149e+00,1.840159199486535835e+00
1.959999990463256792e+00,-1.445794637517081149e+00,1.786878932648714446e+00
1.959999990463256792e+00,-1.445794637517081149e+00,1.733598665810893058e+00
1.959999990463256792e+00,-1.445794637517081149e+00,1.680318398973071670e+00
1.959999990463256792e+00,-1.445794637517081149e+00,1.627038132135250281e+00
1.959999990463256792e+00,-1.445794637517081149e+00,1.573757865297428893e+00
1.959999990463256792e+00,-1.445794637517081149e+00,1.520477598459607504e+00
1.959999990463256792e+00,-1.428081260678730091e+00,1.480324390497462117e+00
1.959999990463256792e+00,-1.402868679361701343e+00,1.448986554787359937e+00
1.959999990463256792e+00,-1.448307752609252930e+00,1.507617592811584473e+00
1.959999990463256792e+00,-1.472725772532894606e+00,1.544364330148781272e+00
1.959999990463256792e+00,-1.495794637512081415e+00,1.585676174497649971e+00
1.959999990463256792e+00,-1.495794637512081415e+00,1.640919359178582670e+00
1.959999990463256792e+00,-1.495794637512081415e+00,1.696162543859515370e+00
1.959999990463256792e+00,-1.495794637512081415e+00,1.751405728540447848e+00
1.959999990463256792e+00,-1.495794637512081415e+00,1.806648913221380548e+00
1.959999990463256792e+00,-1.495794637512081415e+00,1.861892097902313248e+00
1.959999990463256792e+00,-1.495794637512081415e+00,1.917135282583245726e+00
1.959999990463256792e+00,-1.495794637512081415e+00,1.972378467264178425e+00
1.959999990463256792e+00,-1.495794637512081415e+00,2.027621651945111125e+00
1.959999990463256792e+00,-1.495794637512081415e+00,2.082864836626043825e+00
1.959999990463256792e+00,-1.495794637512081415e+00,2.138108021306976525e+00
1.959999990463256792e+00,-1.495794637512081415e+00,2.193351205987908781e+00
1.959999990463256792e+00,-1.495794637512081415e+00,2.248594390668841481e+00
1.959999990463256792e+00,-1.495794637512081415e+00,2.303837575349774180e+00
1.959999990463256792e+00,-1.495794637512081415e+00,2.359080760030706880e+00
1.959999990463256792e+00,-1.495794637512081415e+00,2.414323944711639580e+00
1.959999990463256792e+00,-1.472725719780736853e+00,2.455635757203359582e+00
1.959999990463256792e+00,-1.448307752609252930e+00,2.492382287979125977e+00
1.959999990463256792e+00,-1.503912184575303401e+00,2.401639809636611833e+00
1.959999990463256792e+00,-1.525672840420793985e+00,2.358041255887661336e+00
1.959999990463256792e+00,-1.545688274697136100e+00,2.311117975586440387e+00
1.959999990463256792e+00,-1.545794637507081237e+00,2.254583263346300104e+00
1.959999990463256792e+00,-1.545794637507081237e+00,2.198009204824900031e+00
1.959999990463256792e+00,-1.545794637507081237e+00,2.141435146303499959e+00
1.959999990463256792e+00,-1.545794637507081237e+00,2.084861087782099887e+00
1.959999990463256792e+00,-1.545794637507081237e+00,2.028287029260699814e+00
1.959999990463256792e+00,-1.545794637507081237e+00,1.971712970739299964e+00
1.959999990463256792e+00,-1.545794637507081237e+00,1.915138912217899891e+00
1.959999990463256792e+00,-1.545794637507081237e+00,1.858564853696500041e+00
1.959999990463256792e+00,-1.545794637507081237e+00,1.801990795175099969e+00
1.959999990463256792e+00,-1.545794637507081237e+00,1.745416736653699896e+00
1.959999990463256792e+00,-1.545688309169700014e+00,1.688882011537424122e+00
1.959999990463256792e+00,-1.525672840420793985e+00,1.641958744112338664e+00
1.959999990463256792e+00,-1.503912184575303401e+00,1.598360190363387945e+00
1.959999990463256792e+00,-1.538669003752007214e+00,1.671813862574482057e+00
1.959999990463256792e+00,-1.555916189332698485e+00,1.716530609191954548e+00
1.959999990463256792e+00,-1.570777107867700861e+00,1.762651356554004067e+00
1.959999990463256792e+00,-1.583488011695100006e+00,1.812879128758394520e+00
1.959999990463256792e+00,-1.593461512540840674e+00,1.864834158271778897e+00
1.959999990463256792e+00,-1.595794637502081503e+00,1.918666894635548070e+00
1.959999990463256792e+00,-1.595794637502081503e+00,1.972888964878515949e+00
1.959999990463256792e+00,-1.595794637502081503e+00,2.027111035121484051e+00
1.959999990463256792e+00,-1.595794637502081503e+00,2.081333105364451708e+00
1.959999990463256792e+00,-1.593461506881192591e+00,2.135165843115380380e+00
1.959999990463256792e+00,-1.583488006417419935e+00,2.187120854049680485e+00
1.959999990463256792e+00,-1.570777101595705272e+00,2.237348662103673114e+00
1.959999990463256792e+00,-1.555916198268293416e+00,2.283469347657592241e+00
1.959999990463256792e+00,-1.538668947747458882e+00,2.328186191479955536e+00
